Date,Year,MonthNo,Month,Quarter,MonthYear,Week,DayName
2023-01-01,2023,1,Jan,Q1,Jan 2023,52,Sun
2023-01-02,2023,1,Jan,Q1,Jan 2023,1,Mon
2023-01-03,2023,1,Jan,Q1,Jan 2023,1,Tue
2023-01-04,2023,1,Jan,Q1,Jan 2023,1,Wed
2023-01-05,2023,1,Jan,Q1,Jan 2023,1,Thu
2023-01-06,2023,1,Jan,Q1,Jan 2023,1,Fri
2023-01-07,2023,1,Jan,Q1,Jan 2023,1,Sat
2023-01-08,2023,1,Jan,Q1,Jan 2023,1,Sun
2023-01-09,2023,1,Jan,Q1,Jan 2023,2,Mon
2023-01-10,2023,1,Jan,Q1,Jan 2023,2,Tue
2023-01-11,2023,1,Jan,Q1,Jan 2023,2,Wed
2023-01-12,2023,1,Jan,Q1,Jan 2023,2,Thu
2023-01-13,2023,1,Jan,Q1,Jan 2023,2,Fri
2023-01-14,2023,1,Jan,Q1,Jan 2023,2,Sat
2023-01-15,2023,1,Jan,Q1,Jan 2023,2,Sun
2023-01-16,2023,1,Jan,Q1,Jan 2023,3,Mon
2023-01-17,2023,1,Jan,Q1,Jan 2023,3,Tue
2023-01-18,2023,1,Jan,Q1,Jan 2023,3,Wed
2023-01-19,2023,1,Jan,Q1,Jan 2023,3,Thu
2023-01-20,2023,1,Jan,Q1,Jan 2023,3,Fri
2023-01-21,2023,1,Jan,Q1,Jan 2023,3,Sat
2023-01-22,2023,1,Jan,Q1,Jan 2023,3,Sun
2023-01-23,2023,1,Jan,Q1,Jan 2023,4,Mon
2023-01-24,2023,1,Jan,Q1,Jan 2023,4,Tue
2023-01-25,2023,1,Jan,Q1,Jan 2023,4,Wed
2023-01-26,2023,1,Jan,Q1,Jan 2023,4,Thu
2023-01-27,2023,1,Jan,Q1,Jan 2023,4,Fri
2023-01-28,2023,1,Jan,Q1,Jan 2023,4,Sat
2023-01-29,2023,1,Jan,Q1,Jan 2023,4,Sun
2023-01-30,2023,1,Jan,Q1,Jan 2023,5,Mon
2023-01-31,2023,1,Jan,Q1,Jan 2023,5,Tue
2023-02-01,2023,2,Feb,Q1,Feb 2023,5,Wed
2023-02-02,2023,2,Feb,Q1,Feb 2023,5,Thu
2023-02-03,2023,2,Feb,Q1,Feb 2023,5,Fri
2023-02-04,2023,2,Feb,Q1,Feb 2023,5,Sat
2023-02-05,2023,2,Feb,Q1,Feb 2023,5,Sun
2023-02-06,2023,2,Feb,Q1,Feb 2023,6,Mon
2023-02-07,2023,2,Feb,Q1,Feb 2023,6,Tue
2023-02-08,2023,2,Feb,Q1,Feb 2023,6,Wed
2023-02-09,2023,2,Feb,Q1,Feb 2023,6,Thu
2023-02-10,2023,2,Feb,Q1,Feb 2023,6,Fri
2023-02-11,2023,2,Feb,Q1,Feb 2023,6,Sat
2023-02-12,2023,2,Feb,Q1,Feb 2023,6,Sun
2023-02-13,2023,2,Feb,Q1,Feb 2023,7,Mon
2023-02-14,2023,2,Feb,Q1,Feb 2023,7,Tue
2023-02-15,2023,2,Feb,Q1,Feb 2023,7,Wed
2023-02-16,2023,2,Feb,Q1,Feb 2023,7,Thu
2023-02-17,2023,2,Feb,Q1,Feb 2023,7,Fri
2023-02-18,2023,2,Feb,Q1,Feb 2023,7,Sat
2023-02-19,2023,2,Feb,Q1,Feb 2023,7,Sun
2023-02-20,2023,2,Feb,Q1,Feb 2023,8,Mon
2023-02-21,2023,2,Feb,Q1,Feb 2023,8,Tue
2023-02-22,2023,2,Feb,Q1,Feb 2023,8,Wed
2023-02-23,2023,2,Feb,Q1,Feb 2023,8,Thu
2023-02-24,2023,2,Feb,Q1,Feb 2023,8,Fri
2023-02-25,2023,2,Feb,Q1,Feb 2023,8,Sat
2023-02-26,2023,2,Feb,Q1,Feb 2023,8,Sun
2023-02-27,2023,2,Feb,Q1,Feb 2023,9,Mon
2023-02-28,2023,2,Feb,Q1,Feb 2023,9,Tue
2023-03-01,2023,3,Mar,Q1,Mar 2023,9,Wed
2023-03-02,2023,3,Mar,Q1,Mar 2023,9,Thu
2023-03-03,2023,3,Mar,Q1,Mar 2023,9,Fri
2023-03-04,2023,3,Mar,Q1,Mar 2023,9,Sat
2023-03-05,2023,3,Mar,Q1,Mar 2023,9,Sun
2023-03-06,2023,3,Mar,Q1,Mar 2023,10,Mon
2023-03-07,2023,3,Mar,Q1,Mar 2023,10,Tue
2023-03-08,2023,3,Mar,Q1,Mar 2023,10,Wed
2023-03-09,2023,3,Mar,Q1,Mar 2023,10,Thu
2023-03-10,2023,3,Mar,Q1,Mar 2023,10,Fri
2023-03-11,2023,3,Mar,Q1,Mar 2023,10,Sat
2023-03-12,2023,3,Mar,Q1,Mar 2023,10,Sun
2023-03-13,2023,3,Mar,Q1,Mar 2023,11,Mon
2023-03-14,2023,3,Mar,Q1,Mar 2023,11,Tue
2023-03-15,2023,3,Mar,Q1,Mar 2023,11,Wed
2023-03-16,2023,3,Mar,Q1,Mar 2023,11,Thu
2023-03-17,2023,3,Mar,Q1,Mar 2023,11,Fri
2023-03-18,2023,3,Mar,Q1,Mar 2023,11,Sat
2023-03-19,2023,3,Mar,Q1,Mar 2023,11,Sun
2023-03-20,2023,3,Mar,Q1,Mar 2023,12,Mon
2023-03-21,2023,3,Mar,Q1,Mar 2023,12,Tue
2023-03-22,2023,3,Mar,Q1,Mar 2023,12,Wed
2023-03-23,2023,3,Mar,Q1,Mar 2023,12,Thu
2023-03-24,2023,3,Mar,Q1,Mar 2023,12,Fri
2023-03-25,2023,3,Mar,Q1,Mar 2023,12,Sat
2023-03-26,2023,3,Mar,Q1,Mar 2023,12,Sun
2023-03-27,2023,3,Mar,Q1,Mar 2023,13,Mon
2023-03-28,2023,3,Mar,Q1,Mar 2023,13,Tue
2023-03-29,2023,3,Mar,Q1,Mar 2023,13,Wed
2023-03-30,2023,3,Mar,Q1,Mar 2023,13,Thu
2023-03-31,2023,3,Mar,Q1,Mar 2023,13,Fri
2023-04-01,2023,4,Apr,Q2,Apr 2023,13,Sat
2023-04-02,2023,4,Apr,Q2,Apr 2023,13,Sun
2023-04-03,2023,4,Apr,Q2,Apr 2023,14,Mon
2023-04-04,2023,4,Apr,Q2,Apr 2023,14,Tue
2023-04-05,2023,4,Apr,Q2,Apr 2023,14,Wed
2023-04-06,2023,4,Apr,Q2,Apr 2023,14,Thu
2023-04-07,2023,4,Apr,Q2,Apr 2023,14,Fri
2023-04-08,2023,4,Apr,Q2,Apr 2023,14,Sat
2023-04-09,2023,4,Apr,Q2,Apr 2023,14,Sun
2023-04-10,2023,4,Apr,Q2,Apr 2023,15,Mon
2023-04-11,2023,4,Apr,Q2,Apr 2023,15,Tue
2023-04-12,2023,4,Apr,Q2,Apr 2023,15,Wed
2023-04-13,2023,4,Apr,Q2,Apr 2023,15,Thu
2023-04-14,2023,4,Apr,Q2,Apr 2023,15,Fri
2023-04-15,2023,4,Apr,Q2,Apr 2023,15,Sat
2023-04-16,2023,4,Apr,Q2,Apr 2023,15,Sun
2023-04-17,2023,4,Apr,Q2,Apr 2023,16,Mon
2023-04-18,2023,4,Apr,Q2,Apr 2023,16,Tue
2023-04-19,2023,4,Apr,Q2,Apr 2023,16,Wed
2023-04-20,2023,4,Apr,Q2,Apr 2023,16,Thu
2023-04-21,2023,4,Apr,Q2,Apr 2023,16,Fri
2023-04-22,2023,4,Apr,Q2,Apr 2023,16,Sat
2023-04-23,2023,4,Apr,Q2,Apr 2023,16,Sun
2023-04-24,2023,4,Apr,Q2,Apr 2023,17,Mon
2023-04-25,2023,4,Apr,Q2,Apr 2023,17,Tue
2023-04-26,2023,4,Apr,Q2,Apr 2023,17,Wed
2023-04-27,2023,4,Apr,Q2,Apr 2023,17,Thu
2023-04-28,2023,4,Apr,Q2,Apr 2023,17,Fri
2023-04-29,2023,4,Apr,Q2,Apr 2023,17,Sat
2023-04-30,2023,4,Apr,Q2,Apr 2023,17,Sun
2023-05-01,2023,5,May,Q2,May 2023,18,Mon
2023-05-02,2023,5,May,Q2,May 2023,18,Tue
2023-05-03,2023,5,May,Q2,May 2023,18,Wed
2023-05-04,2023,5,May,Q2,May 2023,18,Thu
2023-05-05,2023,5,May,Q2,May 2023,18,Fri
2023-05-06,2023,5,May,Q2,May 2023,18,Sat
2023-05-07,2023,5,May,Q2,May 2023,18,Sun
2023-05-08,2023,5,May,Q2,May 2023,19,Mon
2023-05-09,2023,5,May,Q2,May 2023,19,Tue
2023-05-10,2023,5,May,Q2,May 2023,19,Wed
2023-05-11,2023,5,May,Q2,May 2023,19,Thu
2023-05-12,2023,5,May,Q2,May 2023,19,Fri
2023-05-13,2023,5,May,Q2,May 2023,19,Sat
2023-05-14,2023,5,May,Q2,May 2023,19,Sun
2023-05-15,2023,5,May,Q2,May 2023,20,Mon
2023-05-16,2023,5,May,Q2,May 2023,20,Tue
2023-05-17,2023,5,May,Q2,May 2023,20,Wed
2023-05-18,2023,5,May,Q2,May 2023,20,Thu
2023-05-19,2023,5,May,Q2,May 2023,20,Fri
2023-05-20,2023,5,May,Q2,May 2023,20,Sat
2023-05-21,2023,5,May,Q2,May 2023,20,Sun
2023-05-22,2023,5,May,Q2,May 2023,21,Mon
2023-05-23,2023,5,May,Q2,May 2023,21,Tue
2023-05-24,2023,5,May,Q2,May 2023,21,Wed
2023-05-25,2023,5,May,Q2,May 2023,21,Thu
2023-05-26,2023,5,May,Q2,May 2023,21,Fri
2023-05-27,2023,5,May,Q2,May 2023,21,Sat
2023-05-28,2023,5,May,Q2,May 2023,21,Sun
2023-05-29,2023,5,May,Q2,May 2023,22,Mon
2023-05-30,2023,5,May,Q2,May 2023,22,Tue
2023-05-31,2023,5,May,Q2,May 2023,22,Wed
2023-06-01,2023,6,Jun,Q2,Jun 2023,22,Thu
2023-06-02,2023,6,Jun,Q2,Jun 2023,22,Fri
2023-06-03,2023,6,Jun,Q2,Jun 2023,22,Sat
2023-06-04,2023,6,Jun,Q2,Jun 2023,22,Sun
2023-06-05,2023,6,Jun,Q2,Jun 2023,23,Mon
2023-06-06,2023,6,Jun,Q2,Jun 2023,23,Tue
2023-06-07,2023,6,Jun,Q2,Jun 2023,23,Wed
2023-06-08,2023,6,Jun,Q2,Jun 2023,23,Thu
2023-06-09,2023,6,Jun,Q2,Jun 2023,23,Fri
2023-06-10,2023,6,Jun,Q2,Jun 2023,23,Sat
2023-06-11,2023,6,Jun,Q2,Jun 2023,23,Sun
2023-06-12,2023,6,Jun,Q2,Jun 2023,24,Mon
2023-06-13,2023,6,Jun,Q2,Jun 2023,24,Tue
2023-06-14,2023,6,Jun,Q2,Jun 2023,24,Wed
2023-06-15,2023,6,Jun,Q2,Jun 2023,24,Thu
2023-06-16,2023,6,Jun,Q2,Jun 2023,24,Fri
2023-06-17,2023,6,Jun,Q2,Jun 2023,24,Sat
2023-06-18,2023,6,Jun,Q2,Jun 2023,24,Sun
2023-06-19,2023,6,Jun,Q2,Jun 2023,25,Mon
2023-06-20,2023,6,Jun,Q2,Jun 2023,25,Tue
2023-06-21,2023,6,Jun,Q2,Jun 2023,25,Wed
2023-06-22,2023,6,Jun,Q2,Jun 2023,25,Thu
2023-06-23,2023,6,Jun,Q2,Jun 2023,25,Fri
2023-06-24,2023,6,Jun,Q2,Jun 2023,25,Sat
2023-06-25,2023,6,Jun,Q2,Jun 2023,25,Sun
2023-06-26,2023,6,Jun,Q2,Jun 2023,26,Mon
2023-06-27,2023,6,Jun,Q2,Jun 2023,26,Tue
2023-06-28,2023,6,Jun,Q2,Jun 2023,26,Wed
2023-06-29,2023,6,Jun,Q2,Jun 2023,26,Thu
2023-06-30,2023,6,Jun,Q2,Jun 2023,26,Fri
2023-07-01,2023,7,Jul,Q3,Jul 2023,26,Sat
2023-07-02,2023,7,Jul,Q3,Jul 2023,26,Sun
2023-07-03,2023,7,Jul,Q3,Jul 2023,27,Mon
2023-07-04,2023,7,Jul,Q3,Jul 2023,27,Tue
2023-07-05,2023,7,Jul,Q3,Jul 2023,27,Wed
2023-07-06,2023,7,Jul,Q3,Jul 2023,27,Thu
2023-07-07,2023,7,Jul,Q3,Jul 2023,27,Fri
2023-07-08,2023,7,Jul,Q3,Jul 2023,27,Sat
2023-07-09,2023,7,Jul,Q3,Jul 2023,27,Sun
2023-07-10,2023,7,Jul,Q3,Jul 2023,28,Mon
2023-07-11,2023,7,Jul,Q3,Jul 2023,28,Tue
2023-07-12,2023,7,Jul,Q3,Jul 2023,28,Wed
2023-07-13,2023,7,Jul,Q3,Jul 2023,28,Thu
2023-07-14,2023,7,Jul,Q3,Jul 2023,28,Fri
2023-07-15,2023,7,Jul,Q3,Jul 2023,28,Sat
2023-07-16,2023,7,Jul,Q3,Jul 2023,28,Sun
2023-07-17,2023,7,Jul,Q3,Jul 2023,29,Mon
2023-07-18,2023,7,Jul,Q3,Jul 2023,29,Tue
2023-07-19,2023,7,Jul,Q3,Jul 2023,29,Wed
2023-07-20,2023,7,Jul,Q3,Jul 2023,29,Thu
2023-07-21,2023,7,Jul,Q3,Jul 2023,29,Fri
2023-07-22,2023,7,Jul,Q3,Jul 2023,29,Sat
2023-07-23,2023,7,Jul,Q3,Jul 2023,29,Sun
2023-07-24,2023,7,Jul,Q3,Jul 2023,30,Mon
2023-07-25,2023,7,Jul,Q3,Jul 2023,30,Tue
2023-07-26,2023,7,Jul,Q3,Jul 2023,30,Wed
2023-07-27,2023,7,Jul,Q3,Jul 2023,30,Thu
2023-07-28,2023,7,Jul,Q3,Jul 2023,30,Fri
2023-07-29,2023,7,Jul,Q3,Jul 2023,30,Sat
2023-07-30,2023,7,Jul,Q3,Jul 2023,30,Sun
2023-07-31,2023,7,Jul,Q3,Jul 2023,31,Mon
2023-08-01,2023,8,Aug,Q3,Aug 2023,31,Tue
2023-08-02,2023,8,Aug,Q3,Aug 2023,31,Wed
2023-08-03,2023,8,Aug,Q3,Aug 2023,31,Thu
2023-08-04,2023,8,Aug,Q3,Aug 2023,31,Fri
2023-08-05,2023,8,Aug,Q3,Aug 2023,31,Sat
2023-08-06,2023,8,Aug,Q3,Aug 2023,31,Sun
2023-08-07,2023,8,Aug,Q3,Aug 2023,32,Mon
2023-08-08,2023,8,Aug,Q3,Aug 2023,32,Tue
2023-08-09,2023,8,Aug,Q3,Aug 2023,32,Wed
2023-08-10,2023,8,Aug,Q3,Aug 2023,32,Thu
2023-08-11,2023,8,Aug,Q3,Aug 2023,32,Fri
2023-08-12,2023,8,Aug,Q3,Aug 2023,32,Sat
2023-08-13,2023,8,Aug,Q3,Aug 2023,32,Sun
2023-08-14,2023,8,Aug,Q3,Aug 2023,33,Mon
2023-08-15,2023,8,Aug,Q3,Aug 2023,33,Tue
2023-08-16,2023,8,Aug,Q3,Aug 2023,33,Wed
2023-08-17,2023,8,Aug,Q3,Aug 2023,33,Thu
2023-08-18,2023,8,Aug,Q3,Aug 2023,33,Fri
2023-08-19,2023,8,Aug,Q3,Aug 2023,33,Sat
2023-08-20,2023,8,Aug,Q3,Aug 2023,33,Sun
2023-08-21,2023,8,Aug,Q3,Aug 2023,34,Mon
2023-08-22,2023,8,Aug,Q3,Aug 2023,34,Tue
2023-08-23,2023,8,Aug,Q3,Aug 2023,34,Wed
2023-08-24,2023,8,Aug,Q3,Aug 2023,34,Thu
2023-08-25,2023,8,Aug,Q3,Aug 2023,34,Fri
2023-08-26,2023,8,Aug,Q3,Aug 2023,34,Sat
2023-08-27,2023,8,Aug,Q3,Aug 2023,34,Sun
2023-08-28,2023,8,Aug,Q3,Aug 2023,35,Mon
2023-08-29,2023,8,Aug,Q3,Aug 2023,35,Tue
2023-08-30,2023,8,Aug,Q3,Aug 2023,35,Wed
2023-08-31,2023,8,Aug,Q3,Aug 2023,35,Thu
2023-09-01,2023,9,Sep,Q3,Sep 2023,35,Fri
2023-09-02,2023,9,Sep,Q3,Sep 2023,35,Sat
2023-09-03,2023,9,Sep,Q3,Sep 2023,35,Sun
2023-09-04,2023,9,Sep,Q3,Sep 2023,36,Mon
2023-09-05,2023,9,Sep,Q3,Sep 2023,36,Tue
2023-09-06,2023,9,Sep,Q3,Sep 2023,36,Wed
2023-09-07,2023,9,Sep,Q3,Sep 2023,36,Thu
2023-09-08,2023,9,Sep,Q3,Sep 2023,36,Fri
2023-09-09,2023,9,Sep,Q3,Sep 2023,36,Sat
2023-09-10,2023,9,Sep,Q3,Sep 2023,36,Sun
2023-09-11,2023,9,Sep,Q3,Sep 2023,37,Mon
2023-09-12,2023,9,Sep,Q3,Sep 2023,37,Tue
2023-09-13,2023,9,Sep,Q3,Sep 2023,37,Wed
2023-09-14,2023,9,Sep,Q3,Sep 2023,37,Thu
2023-09-15,2023,9,Sep,Q3,Sep 2023,37,Fri
2023-09-16,2023,9,Sep,Q3,Sep 2023,37,Sat
2023-09-17,2023,9,Sep,Q3,Sep 2023,37,Sun
2023-09-18,2023,9,Sep,Q3,Sep 2023,38,Mon
2023-09-19,2023,9,Sep,Q3,Sep 2023,38,Tue
2023-09-20,2023,9,Sep,Q3,Sep 2023,38,Wed
2023-09-21,2023,9,Sep,Q3,Sep 2023,38,Thu
2023-09-22,2023,9,Sep,Q3,Sep 2023,38,Fri
2023-09-23,2023,9,Sep,Q3,Sep 2023,38,Sat
2023-09-24,2023,9,Sep,Q3,Sep 2023,38,Sun
2023-09-25,2023,9,Sep,Q3,Sep 2023,39,Mon
2023-09-26,2023,9,Sep,Q3,Sep 2023,39,Tue
2023-09-27,2023,9,Sep,Q3,Sep 2023,39,Wed
2023-09-28,2023,9,Sep,Q3,Sep 2023,39,Thu
2023-09-29,2023,9,Sep,Q3,Sep 2023,39,Fri
2023-09-30,2023,9,Sep,Q3,Sep 2023,39,Sat
2023-10-01,2023,10,Oct,Q4,Oct 2023,39,Sun
2023-10-02,2023,10,Oct,Q4,Oct 2023,40,Mon
2023-10-03,2023,10,Oct,Q4,Oct 2023,40,Tue
2023-10-04,2023,10,Oct,Q4,Oct 2023,40,Wed
2023-10-05,2023,10,Oct,Q4,Oct 2023,40,Thu
2023-10-06,2023,10,Oct,Q4,Oct 2023,40,Fri
2023-10-07,2023,10,Oct,Q4,Oct 2023,40,Sat
2023-10-08,2023,10,Oct,Q4,Oct 2023,40,Sun
2023-10-09,2023,10,Oct,Q4,Oct 2023,41,Mon
2023-10-10,2023,10,Oct,Q4,Oct 2023,41,Tue
2023-10-11,2023,10,Oct,Q4,Oct 2023,41,Wed
2023-10-12,2023,10,Oct,Q4,Oct 2023,41,Thu
2023-10-13,2023,10,Oct,Q4,Oct 2023,41,Fri
2023-10-14,2023,10,Oct,Q4,Oct 2023,41,Sat
2023-10-15,2023,10,Oct,Q4,Oct 2023,41,Sun
2023-10-16,2023,10,Oct,Q4,Oct 2023,42,Mon
2023-10-17,2023,10,Oct,Q4,Oct 2023,42,Tue
2023-10-18,2023,10,Oct,Q4,Oct 2023,42,Wed
2023-10-19,2023,10,Oct,Q4,Oct 2023,42,Thu
2023-10-20,2023,10,Oct,Q4,Oct 2023,42,Fri
2023-10-21,2023,10,Oct,Q4,Oct 2023,42,Sat
2023-10-22,2023,10,Oct,Q4,Oct 2023,42,Sun
2023-10-23,2023,10,Oct,Q4,Oct 2023,43,Mon
2023-10-24,2023,10,Oct,Q4,Oct 2023,43,Tue
2023-10-25,2023,10,Oct,Q4,Oct 2023,43,Wed
2023-10-26,2023,10,Oct,Q4,Oct 2023,43,Thu
2023-10-27,2023,10,Oct,Q4,Oct 2023,43,Fri
2023-10-28,2023,10,Oct,Q4,Oct 2023,43,Sat
2023-10-29,2023,10,Oct,Q4,Oct 2023,43,Sun
2023-10-30,2023,10,Oct,Q4,Oct 2023,44,Mon
2023-10-31,2023,10,Oct,Q4,Oct 2023,44,Tue
2023-11-01,2023,11,Nov,Q4,Nov 2023,44,Wed
2023-11-02,2023,11,Nov,Q4,Nov 2023,44,Thu
2023-11-03,2023,11,Nov,Q4,Nov 2023,44,Fri
2023-11-04,2023,11,Nov,Q4,Nov 2023,44,Sat
2023-11-05,2023,11,Nov,Q4,Nov 2023,44,Sun
2023-11-06,2023,11,Nov,Q4,Nov 2023,45,Mon
2023-11-07,2023,11,Nov,Q4,Nov 2023,45,Tue
2023-11-08,2023,11,Nov,Q4,Nov 2023,45,Wed
2023-11-09,2023,11,Nov,Q4,Nov 2023,45,Thu
2023-11-10,2023,11,Nov,Q4,Nov 2023,45,Fri
2023-11-11,2023,11,Nov,Q4,Nov 2023,45,Sat
2023-11-12,2023,11,Nov,Q4,Nov 2023,45,Sun
2023-11-13,2023,11,Nov,Q4,Nov 2023,46,Mon
2023-11-14,2023,11,Nov,Q4,Nov 2023,46,Tue
2023-11-15,2023,11,Nov,Q4,Nov 2023,46,Wed
2023-11-16,2023,11,Nov,Q4,Nov 2023,46,Thu
2023-11-17,2023,11,Nov,Q4,Nov 2023,46,Fri
2023-11-18,2023,11,Nov,Q4,Nov 2023,46,Sat
2023-11-19,2023,11,Nov,Q4,Nov 2023,46,Sun
2023-11-20,2023,11,Nov,Q4,Nov 2023,47,Mon
2023-11-21,2023,11,Nov,Q4,Nov 2023,47,Tue
2023-11-22,2023,11,Nov,Q4,Nov 2023,47,Wed
2023-11-23,2023,11,Nov,Q4,Nov 2023,47,Thu
2023-11-24,2023,11,Nov,Q4,Nov 2023,47,Fri
2023-11-25,2023,11,Nov,Q4,Nov 2023,47,Sat
2023-11-26,2023,11,Nov,Q4,Nov 2023,47,Sun
2023-11-27,2023,11,Nov,Q4,Nov 2023,48,Mon
2023-11-28,2023,11,Nov,Q4,Nov 2023,48,Tue
2023-11-29,2023,11,Nov,Q4,Nov 2023,48,Wed
2023-11-30,2023,11,Nov,Q4,Nov 2023,48,Thu
2023-12-01,2023,12,Dec,Q4,Dec 2023,48,Fri
2023-12-02,2023,12,Dec,Q4,Dec 2023,48,Sat
2023-12-03,2023,12,Dec,Q4,Dec 2023,48,Sun
2023-12-04,2023,12,Dec,Q4,Dec 2023,49,Mon
2023-12-05,2023,12,Dec,Q4,Dec 2023,49,Tue
2023-12-06,2023,12,Dec,Q4,Dec 2023,49,Wed
2023-12-07,2023,12,Dec,Q4,Dec 2023,49,Thu
2023-12-08,2023,12,Dec,Q4,Dec 2023,49,Fri
2023-12-09,2023,12,Dec,Q4,Dec 2023,49,Sat
2023-12-10,2023,12,Dec,Q4,Dec 2023,49,Sun
2023-12-11,2023,12,Dec,Q4,Dec 2023,50,Mon
2023-12-12,2023,12,Dec,Q4,Dec 2023,50,Tue
2023-12-13,2023,12,Dec,Q4,Dec 2023,50,Wed
2023-12-14,2023,12,Dec,Q4,Dec 2023,50,Thu
2023-12-15,2023,12,Dec,Q4,Dec 2023,50,Fri
2023-12-16,2023,12,Dec,Q4,Dec 2023,50,Sat
2023-12-17,2023,12,Dec,Q4,Dec 2023,50,Sun
2023-12-18,2023,12,Dec,Q4,Dec 2023,51,Mon
2023-12-19,2023,12,Dec,Q4,Dec 2023,51,Tue
2023-12-20,2023,12,Dec,Q4,Dec 2023,51,Wed
2023-12-21,2023,12,Dec,Q4,Dec 2023,51,Thu
2023-12-22,2023,12,Dec,Q4,Dec 2023,51,Fri
2023-12-23,2023,12,Dec,Q4,Dec 2023,51,Sat
2023-12-24,2023,12,Dec,Q4,Dec 2023,51,Sun
2023-12-25,2023,12,Dec,Q4,Dec 2023,52,Mon
2023-12-26,2023,12,Dec,Q4,Dec 2023,52,Tue
2023-12-27,2023,12,Dec,Q4,Dec 2023,52,Wed
2023-12-28,2023,12,Dec,Q4,Dec 2023,52,Thu
2023-12-29,2023,12,Dec,Q4,Dec 2023,52,Fri
2023-12-30,2023,12,Dec,Q4,Dec 2023,52,Sat
2023-12-31,2023,12,Dec,Q4,Dec 2023,52,Sun
2024-01-01,2024,1,Jan,Q1,Jan 2024,1,Mon
2024-01-02,2024,1,Jan,Q1,Jan 2024,1,Tue
2024-01-03,2024,1,Jan,Q1,Jan 2024,1,Wed
2024-01-04,2024,1,Jan,Q1,Jan 2024,1,Thu
2024-01-05,2024,1,Jan,Q1,Jan 2024,1,Fri
2024-01-06,2024,1,Jan,Q1,Jan 2024,1,Sat
2024-01-07,2024,1,Jan,Q1,Jan 2024,1,Sun
2024-01-08,2024,1,Jan,Q1,Jan 2024,2,Mon
2024-01-09,2024,1,Jan,Q1,Jan 2024,2,Tue
2024-01-10,2024,1,Jan,Q1,Jan 2024,2,Wed
2024-01-11,2024,1,Jan,Q1,Jan 2024,2,Thu
2024-01-12,2024,1,Jan,Q1,Jan 2024,2,Fri
2024-01-13,2024,1,Jan,Q1,Jan 2024,2,Sat
2024-01-14,2024,1,Jan,Q1,Jan 2024,2,Sun
2024-01-15,2024,1,Jan,Q1,Jan 2024,3,Mon
2024-01-16,2024,1,Jan,Q1,Jan 2024,3,Tue
2024-01-17,2024,1,Jan,Q1,Jan 2024,3,Wed
2024-01-18,2024,1,Jan,Q1,Jan 2024,3,Thu
2024-01-19,2024,1,Jan,Q1,Jan 2024,3,Fri
2024-01-20,2024,1,Jan,Q1,Jan 2024,3,Sat
2024-01-21,2024,1,Jan,Q1,Jan 2024,3,Sun
2024-01-22,2024,1,Jan,Q1,Jan 2024,4,Mon
2024-01-23,2024,1,Jan,Q1,Jan 2024,4,Tue
2024-01-24,2024,1,Jan,Q1,Jan 2024,4,Wed
2024-01-25,2024,1,Jan,Q1,Jan 2024,4,Thu
2024-01-26,2024,1,Jan,Q1,Jan 2024,4,Fri
2024-01-27,2024,1,Jan,Q1,Jan 2024,4,Sat
2024-01-28,2024,1,Jan,Q1,Jan 2024,4,Sun
2024-01-29,2024,1,Jan,Q1,Jan 2024,5,Mon
2024-01-30,2024,1,Jan,Q1,Jan 2024,5,Tue
2024-01-31,2024,1,Jan,Q1,Jan 2024,5,Wed
2024-02-01,2024,2,Feb,Q1,Feb 2024,5,Thu
2024-02-02,2024,2,Feb,Q1,Feb 2024,5,Fri
2024-02-03,2024,2,Feb,Q1,Feb 2024,5,Sat
2024-02-04,2024,2,Feb,Q1,Feb 2024,5,Sun
2024-02-05,2024,2,Feb,Q1,Feb 2024,6,Mon
2024-02-06,2024,2,Feb,Q1,Feb 2024,6,Tue
2024-02-07,2024,2,Feb,Q1,Feb 2024,6,Wed
2024-02-08,2024,2,Feb,Q1,Feb 2024,6,Thu
2024-02-09,2024,2,Feb,Q1,Feb 2024,6,Fri
2024-02-10,2024,2,Feb,Q1,Feb 2024,6,Sat
2024-02-11,2024,2,Feb,Q1,Feb 2024,6,Sun
2024-02-12,2024,2,Feb,Q1,Feb 2024,7,Mon
2024-02-13,2024,2,Feb,Q1,Feb 2024,7,Tue
2024-02-14,2024,2,Feb,Q1,Feb 2024,7,Wed
2024-02-15,2024,2,Feb,Q1,Feb 2024,7,Thu
2024-02-16,2024,2,Feb,Q1,Feb 2024,7,Fri
2024-02-17,2024,2,Feb,Q1,Feb 2024,7,Sat
2024-02-18,2024,2,Feb,Q1,Feb 2024,7,Sun
2024-02-19,2024,2,Feb,Q1,Feb 2024,8,Mon
2024-02-20,2024,2,Feb,Q1,Feb 2024,8,Tue
2024-02-21,2024,2,Feb,Q1,Feb 2024,8,Wed
2024-02-22,2024,2,Feb,Q1,Feb 2024,8,Thu
2024-02-23,2024,2,Feb,Q1,Feb 2024,8,Fri
2024-02-24,2024,2,Feb,Q1,Feb 2024,8,Sat
2024-02-25,2024,2,Feb,Q1,Feb 2024,8,Sun
2024-02-26,2024,2,Feb,Q1,Feb 2024,9,Mon
2024-02-27,2024,2,Feb,Q1,Feb 2024,9,Tue
2024-02-28,2024,2,Feb,Q1,Feb 2024,9,Wed
2024-02-29,2024,2,Feb,Q1,Feb 2024,9,Thu
2024-03-01,2024,3,Mar,Q1,Mar 2024,9,Fri
2024-03-02,2024,3,Mar,Q1,Mar 2024,9,Sat
2024-03-03,2024,3,Mar,Q1,Mar 2024,9,Sun
2024-03-04,2024,3,Mar,Q1,Mar 2024,10,Mon
2024-03-05,2024,3,Mar,Q1,Mar 2024,10,Tue
2024-03-06,2024,3,Mar,Q1,Mar 2024,10,Wed
2024-03-07,2024,3,Mar,Q1,Mar 2024,10,Thu
2024-03-08,2024,3,Mar,Q1,Mar 2024,10,Fri
2024-03-09,2024,3,Mar,Q1,Mar 2024,10,Sat
2024-03-10,2024,3,Mar,Q1,Mar 2024,10,Sun
2024-03-11,2024,3,Mar,Q1,Mar 2024,11,Mon
2024-03-12,2024,3,Mar,Q1,Mar 2024,11,Tue
2024-03-13,2024,3,Mar,Q1,Mar 2024,11,Wed
2024-03-14,2024,3,Mar,Q1,Mar 2024,11,Thu
2024-03-15,2024,3,Mar,Q1,Mar 2024,11,Fri
2024-03-16,2024,3,Mar,Q1,Mar 2024,11,Sat
2024-03-17,2024,3,Mar,Q1,Mar 2024,11,Sun
2024-03-18,2024,3,Mar,Q1,Mar 2024,12,Mon
2024-03-19,2024,3,Mar,Q1,Mar 2024,12,Tue
2024-03-20,2024,3,Mar,Q1,Mar 2024,12,Wed
2024-03-21,2024,3,Mar,Q1,Mar 2024,12,Thu
2024-03-22,2024,3,Mar,Q1,Mar 2024,12,Fri
2024-03-23,2024,3,Mar,Q1,Mar 2024,12,Sat
2024-03-24,2024,3,Mar,Q1,Mar 2024,12,Sun
2024-03-25,2024,3,Mar,Q1,Mar 2024,13,Mon
2024-03-26,2024,3,Mar,Q1,Mar 2024,13,Tue
2024-03-27,2024,3,Mar,Q1,Mar 2024,13,Wed
2024-03-28,2024,3,Mar,Q1,Mar 2024,13,Thu
2024-03-29,2024,3,Mar,Q1,Mar 2024,13,Fri
2024-03-30,2024,3,Mar,Q1,Mar 2024,13,Sat
2024-03-31,2024,3,Mar,Q1,Mar 2024,13,Sun
2024-04-01,2024,4,Apr,Q2,Apr 2024,14,Mon
2024-04-02,2024,4,Apr,Q2,Apr 2024,14,Tue
2024-04-03,2024,4,Apr,Q2,Apr 2024,14,Wed
2024-04-04,2024,4,Apr,Q2,Apr 2024,14,Thu
2024-04-05,2024,4,Apr,Q2,Apr 2024,14,Fri
2024-04-06,2024,4,Apr,Q2,Apr 2024,14,Sat
2024-04-07,2024,4,Apr,Q2,Apr 2024,14,Sun
2024-04-08,2024,4,Apr,Q2,Apr 2024,15,Mon
2024-04-09,2024,4,Apr,Q2,Apr 2024,15,Tue
2024-04-10,2024,4,Apr,Q2,Apr 2024,15,Wed
2024-04-11,2024,4,Apr,Q2,Apr 2024,15,Thu
2024-04-12,2024,4,Apr,Q2,Apr 2024,15,Fri
2024-04-13,2024,4,Apr,Q2,Apr 2024,15,Sat
2024-04-14,2024,4,Apr,Q2,Apr 2024,15,Sun
2024-04-15,2024,4,Apr,Q2,Apr 2024,16,Mon
2024-04-16,2024,4,Apr,Q2,Apr 2024,16,Tue
2024-04-17,2024,4,Apr,Q2,Apr 2024,16,Wed
2024-04-18,2024,4,Apr,Q2,Apr 2024,16,Thu
2024-04-19,2024,4,Apr,Q2,Apr 2024,16,Fri
2024-04-20,2024,4,Apr,Q2,Apr 2024,16,Sat
2024-04-21,2024,4,Apr,Q2,Apr 2024,16,Sun
2024-04-22,2024,4,Apr,Q2,Apr 2024,17,Mon
2024-04-23,2024,4,Apr,Q2,Apr 2024,17,Tue
2024-04-24,2024,4,Apr,Q2,Apr 2024,17,Wed
2024-04-25,2024,4,Apr,Q2,Apr 2024,17,Thu
2024-04-26,2024,4,Apr,Q2,Apr 2024,17,Fri
2024-04-27,2024,4,Apr,Q2,Apr 2024,17,Sat
2024-04-28,2024,4,Apr,Q2,Apr 2024,17,Sun
2024-04-29,2024,4,Apr,Q2,Apr 2024,18,Mon
2024-04-30,2024,4,Apr,Q2,Apr 2024,18,Tue
2024-05-01,2024,5,May,Q2,May 2024,18,Wed
2024-05-02,2024,5,May,Q2,May 2024,18,Thu
2024-05-03,2024,5,May,Q2,May 2024,18,Fri
2024-05-04,2024,5,May,Q2,May 2024,18,Sat
2024-05-05,2024,5,May,Q2,May 2024,18,Sun
2024-05-06,2024,5,May,Q2,May 2024,19,Mon
2024-05-07,2024,5,May,Q2,May 2024,19,Tue
2024-05-08,2024,5,May,Q2,May 2024,19,Wed
2024-05-09,2024,5,May,Q2,May 2024,19,Thu
2024-05-10,2024,5,May,Q2,May 2024,19,Fri
2024-05-11,2024,5,May,Q2,May 2024,19,Sat
2024-05-12,2024,5,May,Q2,May 2024,19,Sun
2024-05-13,2024,5,May,Q2,May 2024,20,Mon
2024-05-14,2024,5,May,Q2,May 2024,20,Tue
2024-05-15,2024,5,May,Q2,May 2024,20,Wed
2024-05-16,2024,5,May,Q2,May 2024,20,Thu
2024-05-17,2024,5,May,Q2,May 2024,20,Fri
2024-05-18,2024,5,May,Q2,May 2024,20,Sat
2024-05-19,2024,5,May,Q2,May 2024,20,Sun
2024-05-20,2024,5,May,Q2,May 2024,21,Mon
2024-05-21,2024,5,May,Q2,May 2024,21,Tue
2024-05-22,2024,5,May,Q2,May 2024,21,Wed
2024-05-23,2024,5,May,Q2,May 2024,21,Thu
2024-05-24,2024,5,May,Q2,May 2024,21,Fri
2024-05-25,2024,5,May,Q2,May 2024,21,Sat
2024-05-26,2024,5,May,Q2,May 2024,21,Sun
2024-05-27,2024,5,May,Q2,May 2024,22,Mon
2024-05-28,2024,5,May,Q2,May 2024,22,Tue
2024-05-29,2024,5,May,Q2,May 2024,22,Wed
2024-05-30,2024,5,May,Q2,May 2024,22,Thu
2024-05-31,2024,5,May,Q2,May 2024,22,Fri
2024-06-01,2024,6,Jun,Q2,Jun 2024,22,Sat
2024-06-02,2024,6,Jun,Q2,Jun 2024,22,Sun
2024-06-03,2024,6,Jun,Q2,Jun 2024,23,Mon
2024-06-04,2024,6,Jun,Q2,Jun 2024,23,Tue
2024-06-05,2024,6,Jun,Q2,Jun 2024,23,Wed
2024-06-06,2024,6,Jun,Q2,Jun 2024,23,Thu
2024-06-07,2024,6,Jun,Q2,Jun 2024,23,Fri
2024-06-08,2024,6,Jun,Q2,Jun 2024,23,Sat
2024-06-09,2024,6,Jun,Q2,Jun 2024,23,Sun
2024-06-10,2024,6,Jun,Q2,Jun 2024,24,Mon
2024-06-11,2024,6,Jun,Q2,Jun 2024,24,Tue
2024-06-12,2024,6,Jun,Q2,Jun 2024,24,Wed
2024-06-13,2024,6,Jun,Q2,Jun 2024,24,Thu
2024-06-14,2024,6,Jun,Q2,Jun 2024,24,Fri
2024-06-15,2024,6,Jun,Q2,Jun 2024,24,Sat
2024-06-16,2024,6,Jun,Q2,Jun 2024,24,Sun
2024-06-17,2024,6,Jun,Q2,Jun 2024,25,Mon
2024-06-18,2024,6,Jun,Q2,Jun 2024,25,Tue
2024-06-19,2024,6,Jun,Q2,Jun 2024,25,Wed
2024-06-20,2024,6,Jun,Q2,Jun 2024,25,Thu
2024-06-21,2024,6,Jun,Q2,Jun 2024,25,Fri
2024-06-22,2024,6,Jun,Q2,Jun 2024,25,Sat
2024-06-23,2024,6,Jun,Q2,Jun 2024,25,Sun
2024-06-24,2024,6,Jun,Q2,Jun 2024,26,Mon
2024-06-25,2024,6,Jun,Q2,Jun 2024,26,Tue
2024-06-26,2024,6,Jun,Q2,Jun 2024,26,Wed
2024-06-27,2024,6,Jun,Q2,Jun 2024,26,Thu
2024-06-28,2024,6,Jun,Q2,Jun 2024,26,Fri
2024-06-29,2024,6,Jun,Q2,Jun 2024,26,Sat
2024-06-30,2024,6,Jun,Q2,Jun 2024,26,Sun
2024-07-01,2024,7,Jul,Q3,Jul 2024,27,Mon
2024-07-02,2024,7,Jul,Q3,Jul 2024,27,Tue
2024-07-03,2024,7,Jul,Q3,Jul 2024,27,Wed
2024-07-04,2024,7,Jul,Q3,Jul 2024,27,Thu
2024-07-05,2024,7,Jul,Q3,Jul 2024,27,Fri
2024-07-06,2024,7,Jul,Q3,Jul 2024,27,Sat
2024-07-07,2024,7,Jul,Q3,Jul 2024,27,Sun
2024-07-08,2024,7,Jul,Q3,Jul 2024,28,Mon
2024-07-09,2024,7,Jul,Q3,Jul 2024,28,Tue
2024-07-10,2024,7,Jul,Q3,Jul 2024,28,Wed
2024-07-11,2024,7,Jul,Q3,Jul 2024,28,Thu
2024-07-12,2024,7,Jul,Q3,Jul 2024,28,Fri
2024-07-13,2024,7,Jul,Q3,Jul 2024,28,Sat
2024-07-14,2024,7,Jul,Q3,Jul 2024,28,Sun
2024-07-15,2024,7,Jul,Q3,Jul 2024,29,Mon
2024-07-16,2024,7,Jul,Q3,Jul 2024,29,Tue
2024-07-17,2024,7,Jul,Q3,Jul 2024,29,Wed
2024-07-18,2024,7,Jul,Q3,Jul 2024,29,Thu
2024-07-19,2024,7,Jul,Q3,Jul 2024,29,Fri
2024-07-20,2024,7,Jul,Q3,Jul 2024,29,Sat
2024-07-21,2024,7,Jul,Q3,Jul 2024,29,Sun
2024-07-22,2024,7,Jul,Q3,Jul 2024,30,Mon
2024-07-23,2024,7,Jul,Q3,Jul 2024,30,Tue
2024-07-24,2024,7,Jul,Q3,Jul 2024,30,Wed
2024-07-25,2024,7,Jul,Q3,Jul 2024,30,Thu
2024-07-26,2024,7,Jul,Q3,Jul 2024,30,Fri
2024-07-27,2024,7,Jul,Q3,Jul 2024,30,Sat
2024-07-28,2024,7,Jul,Q3,Jul 2024,30,Sun
2024-07-29,2024,7,Jul,Q3,Jul 2024,31,Mon
2024-07-30,2024,7,Jul,Q3,Jul 2024,31,Tue
2024-07-31,2024,7,Jul,Q3,Jul 2024,31,Wed
2024-08-01,2024,8,Aug,Q3,Aug 2024,31,Thu
2024-08-02,2024,8,Aug,Q3,Aug 2024,31,Fri
2024-08-03,2024,8,Aug,Q3,Aug 2024,31,Sat
2024-08-04,2024,8,Aug,Q3,Aug 2024,31,Sun
2024-08-05,2024,8,Aug,Q3,Aug 2024,32,Mon
2024-08-06,2024,8,Aug,Q3,Aug 2024,32,Tue
2024-08-07,2024,8,Aug,Q3,Aug 2024,32,Wed
2024-08-08,2024,8,Aug,Q3,Aug 2024,32,Thu
2024-08-09,2024,8,Aug,Q3,Aug 2024,32,Fri
2024-08-10,2024,8,Aug,Q3,Aug 2024,32,Sat
2024-08-11,2024,8,Aug,Q3,Aug 2024,32,Sun
2024-08-12,2024,8,Aug,Q3,Aug 2024,33,Mon
2024-08-13,2024,8,Aug,Q3,Aug 2024,33,Tue
2024-08-14,2024,8,Aug,Q3,Aug 2024,33,Wed
2024-08-15,2024,8,Aug,Q3,Aug 2024,33,Thu
2024-08-16,2024,8,Aug,Q3,Aug 2024,33,Fri
2024-08-17,2024,8,Aug,Q3,Aug 2024,33,Sat
2024-08-18,2024,8,Aug,Q3,Aug 2024,33,Sun
2024-08-19,2024,8,Aug,Q3,Aug 2024,34,Mon
2024-08-20,2024,8,Aug,Q3,Aug 2024,34,Tue
2024-08-21,2024,8,Aug,Q3,Aug 2024,34,Wed
2024-08-22,2024,8,Aug,Q3,Aug 2024,34,Thu
2024-08-23,2024,8,Aug,Q3,Aug 2024,34,Fri
2024-08-24,2024,8,Aug,Q3,Aug 2024,34,Sat
2024-08-25,2024,8,Aug,Q3,Aug 2024,34,Sun
2024-08-26,2024,8,Aug,Q3,Aug 2024,35,Mon
2024-08-27,2024,8,Aug,Q3,Aug 2024,35,Tue
2024-08-28,2024,8,Aug,Q3,Aug 2024,35,Wed
2024-08-29,2024,8,Aug,Q3,Aug 2024,35,Thu
2024-08-30,2024,8,Aug,Q3,Aug 2024,35,Fri
2024-08-31,2024,8,Aug,Q3,Aug 2024,35,Sat
2024-09-01,2024,9,Sep,Q3,Sep 2024,35,Sun
2024-09-02,2024,9,Sep,Q3,Sep 2024,36,Mon
2024-09-03,2024,9,Sep,Q3,Sep 2024,36,Tue
2024-09-04,2024,9,Sep,Q3,Sep 2024,36,Wed
2024-09-05,2024,9,Sep,Q3,Sep 2024,36,Thu
2024-09-06,2024,9,Sep,Q3,Sep 2024,36,Fri
2024-09-07,2024,9,Sep,Q3,Sep 2024,36,Sat
2024-09-08,2024,9,Sep,Q3,Sep 2024,36,Sun
2024-09-09,2024,9,Sep,Q3,Sep 2024,37,Mon
2024-09-10,2024,9,Sep,Q3,Sep 2024,37,Tue
2024-09-11,2024,9,Sep,Q3,Sep 2024,37,Wed
2024-09-12,2024,9,Sep,Q3,Sep 2024,37,Thu
2024-09-13,2024,9,Sep,Q3,Sep 2024,37,Fri
2024-09-14,2024,9,Sep,Q3,Sep 2024,37,Sat
2024-09-15,2024,9,Sep,Q3,Sep 2024,37,Sun
2024-09-16,2024,9,Sep,Q3,Sep 2024,38,Mon
2024-09-17,2024,9,Sep,Q3,Sep 2024,38,Tue
2024-09-18,2024,9,Sep,Q3,Sep 2024,38,Wed
2024-09-19,2024,9,Sep,Q3,Sep 2024,38,Thu
2024-09-20,2024,9,Sep,Q3,Sep 2024,38,Fri
2024-09-21,2024,9,Sep,Q3,Sep 2024,38,Sat
2024-09-22,2024,9,Sep,Q3,Sep 2024,38,Sun
2024-09-23,2024,9,Sep,Q3,Sep 2024,39,Mon
2024-09-24,2024,9,Sep,Q3,Sep 2024,39,Tue
2024-09-25,2024,9,Sep,Q3,Sep 2024,39,Wed
2024-09-26,2024,9,Sep,Q3,Sep 2024,39,Thu
2024-09-27,2024,9,Sep,Q3,Sep 2024,39,Fri
2024-09-28,2024,9,Sep,Q3,Sep 2024,39,Sat
2024-09-29,2024,9,Sep,Q3,Sep 2024,39,Sun
2024-09-30,2024,9,Sep,Q3,Sep 2024,40,Mon
2024-10-01,2024,10,Oct,Q4,Oct 2024,40,Tue
2024-10-02,2024,10,Oct,Q4,Oct 2024,40,Wed
2024-10-03,2024,10,Oct,Q4,Oct 2024,40,Thu
2024-10-04,2024,10,Oct,Q4,Oct 2024,40,Fri
2024-10-05,2024,10,Oct,Q4,Oct 2024,40,Sat
2024-10-06,2024,10,Oct,Q4,Oct 2024,40,Sun
2024-10-07,2024,10,Oct,Q4,Oct 2024,41,Mon
2024-10-08,2024,10,Oct,Q4,Oct 2024,41,Tue
2024-10-09,2024,10,Oct,Q4,Oct 2024,41,Wed
2024-10-10,2024,10,Oct,Q4,Oct 2024,41,Thu
2024-10-11,2024,10,Oct,Q4,Oct 2024,41,Fri
2024-10-12,2024,10,Oct,Q4,Oct 2024,41,Sat
2024-10-13,2024,10,Oct,Q4,Oct 2024,41,Sun
2024-10-14,2024,10,Oct,Q4,Oct 2024,42,Mon
2024-10-15,2024,10,Oct,Q4,Oct 2024,42,Tue
2024-10-16,2024,10,Oct,Q4,Oct 2024,42,Wed
2024-10-17,2024,10,Oct,Q4,Oct 2024,42,Thu
2024-10-18,2024,10,Oct,Q4,Oct 2024,42,Fri
2024-10-19,2024,10,Oct,Q4,Oct 2024,42,Sat
2024-10-20,2024,10,Oct,Q4,Oct 2024,42,Sun
2024-10-21,2024,10,Oct,Q4,Oct 2024,43,Mon
2024-10-22,2024,10,Oct,Q4,Oct 2024,43,Tue
2024-10-23,2024,10,Oct,Q4,Oct 2024,43,Wed
2024-10-24,2024,10,Oct,Q4,Oct 2024,43,Thu
2024-10-25,2024,10,Oct,Q4,Oct 2024,43,Fri
2024-10-26,2024,10,Oct,Q4,Oct 2024,43,Sat
2024-10-27,2024,10,Oct,Q4,Oct 2024,43,Sun
2024-10-28,2024,10,Oct,Q4,Oct 2024,44,Mon
2024-10-29,2024,10,Oct,Q4,Oct 2024,44,Tue
2024-10-30,2024,10,Oct,Q4,Oct 2024,44,Wed
2024-10-31,2024,10,Oct,Q4,Oct 2024,44,Thu
2024-11-01,2024,11,Nov,Q4,Nov 2024,44,Fri
2024-11-02,2024,11,Nov,Q4,Nov 2024,44,Sat
2024-11-03,2024,11,Nov,Q4,Nov 2024,44,Sun
2024-11-04,2024,11,Nov,Q4,Nov 2024,45,Mon
2024-11-05,2024,11,Nov,Q4,Nov 2024,45,Tue
2024-11-06,2024,11,Nov,Q4,Nov 2024,45,Wed
2024-11-07,2024,11,Nov,Q4,Nov 2024,45,Thu
2024-11-08,2024,11,Nov,Q4,Nov 2024,45,Fri
2024-11-09,2024,11,Nov,Q4,Nov 2024,45,Sat
2024-11-10,2024,11,Nov,Q4,Nov 2024,45,Sun
2024-11-11,2024,11,Nov,Q4,Nov 2024,46,Mon
2024-11-12,2024,11,Nov,Q4,Nov 2024,46,Tue
2024-11-13,2024,11,Nov,Q4,Nov 2024,46,Wed
2024-11-14,2024,11,Nov,Q4,Nov 2024,46,Thu
2024-11-15,2024,11,Nov,Q4,Nov 2024,46,Fri
2024-11-16,2024,11,Nov,Q4,Nov 2024,46,Sat
2024-11-17,2024,11,Nov,Q4,Nov 2024,46,Sun
2024-11-18,2024,11,Nov,Q4,Nov 2024,47,Mon
2024-11-19,2024,11,Nov,Q4,Nov 2024,47,Tue
2024-11-20,2024,11,Nov,Q4,Nov 2024,47,Wed
2024-11-21,2024,11,Nov,Q4,Nov 2024,47,Thu
2024-11-22,2024,11,Nov,Q4,Nov 2024,47,Fri
2024-11-23,2024,11,Nov,Q4,Nov 2024,47,Sat
2024-11-24,2024,11,Nov,Q4,Nov 2024,47,Sun
2024-11-25,2024,11,Nov,Q4,Nov 2024,48,Mon
2024-11-26,2024,11,Nov,Q4,Nov 2024,48,Tue
2024-11-27,2024,11,Nov,Q4,Nov 2024,48,Wed
2024-11-28,2024,11,Nov,Q4,Nov 2024,48,Thu
2024-11-29,2024,11,Nov,Q4,Nov 2024,48,Fri
2024-11-30,2024,11,Nov,Q4,Nov 2024,48,Sat
2024-12-01,2024,12,Dec,Q4,Dec 2024,48,Sun
2024-12-02,2024,12,Dec,Q4,Dec 2024,49,Mon
2024-12-03,2024,12,Dec,Q4,Dec 2024,49,Tue
2024-12-04,2024,12,Dec,Q4,Dec 2024,49,Wed
2024-12-05,2024,12,Dec,Q4,Dec 2024,49,Thu
2024-12-06,2024,12,Dec,Q4,Dec 2024,49,Fri
2024-12-07,2024,12,Dec,Q4,Dec 2024,49,Sat
2024-12-08,2024,12,Dec,Q4,Dec 2024,49,Sun
2024-12-09,2024,12,Dec,Q4,Dec 2024,50,Mon
2024-12-10,2024,12,Dec,Q4,Dec 2024,50,Tue
2024-12-11,2024,12,Dec,Q4,Dec 2024,50,Wed
2024-12-12,2024,12,Dec,Q4,Dec 2024,50,Thu
2024-12-13,2024,12,Dec,Q4,Dec 2024,50,Fri
2024-12-14,2024,12,Dec,Q4,Dec 2024,50,Sat
2024-12-15,2024,12,Dec,Q4,Dec 2024,50,Sun
2024-12-16,2024,12,Dec,Q4,Dec 2024,51,Mon
2024-12-17,2024,12,Dec,Q4,Dec 2024,51,Tue
2024-12-18,2024,12,Dec,Q4,Dec 2024,51,Wed
2024-12-19,2024,12,Dec,Q4,Dec 2024,51,Thu
2024-12-20,2024,12,Dec,Q4,Dec 2024,51,Fri
2024-12-21,2024,12,Dec,Q4,Dec 2024,51,Sat
2024-12-22,2024,12,Dec,Q4,Dec 2024,51,Sun
2024-12-23,2024,12,Dec,Q4,Dec 2024,52,Mon
2024-12-24,2024,12,Dec,Q4,Dec 2024,52,Tue
2024-12-25,2024,12,Dec,Q4,Dec 2024,52,Wed
2024-12-26,2024,12,Dec,Q4,Dec 2024,52,Thu
2024-12-27,2024,12,Dec,Q4,Dec 2024,52,Fri
2024-12-28,2024,12,Dec,Q4,Dec 2024,52,Sat
2024-12-29,2024,12,Dec,Q4,Dec 2024,52,Sun
2024-12-30,2024,12,Dec,Q4,Dec 2024,1,Mon
2024-12-31,2024,12,Dec,Q4,Dec 2024,1,Tue
2025-01-01,2025,1,Jan,Q1,Jan 2025,1,Wed
2025-01-02,2025,1,Jan,Q1,Jan 2025,1,Thu
2025-01-03,2025,1,Jan,Q1,Jan 2025,1,Fri
2025-01-04,2025,1,Jan,Q1,Jan 2025,1,Sat
2025-01-05,2025,1,Jan,Q1,Jan 2025,1,Sun
2025-01-06,2025,1,Jan,Q1,Jan 2025,2,Mon
2025-01-07,2025,1,Jan,Q1,Jan 2025,2,Tue
2025-01-08,2025,1,Jan,Q1,Jan 2025,2,Wed
2025-01-09,2025,1,Jan,Q1,Jan 2025,2,Thu
2025-01-10,2025,1,Jan,Q1,Jan 2025,2,Fri
2025-01-11,2025,1,Jan,Q1,Jan 2025,2,Sat
2025-01-12,2025,1,Jan,Q1,Jan 2025,2,Sun
2025-01-13,2025,1,Jan,Q1,Jan 2025,3,Mon
2025-01-14,2025,1,Jan,Q1,Jan 2025,3,Tue
2025-01-15,2025,1,Jan,Q1,Jan 2025,3,Wed
2025-01-16,2025,1,Jan,Q1,Jan 2025,3,Thu
2025-01-17,2025,1,Jan,Q1,Jan 2025,3,Fri
2025-01-18,2025,1,Jan,Q1,Jan 2025,3,Sat
2025-01-19,2025,1,Jan,Q1,Jan 2025,3,Sun
2025-01-20,2025,1,Jan,Q1,Jan 2025,4,Mon
2025-01-21,2025,1,Jan,Q1,Jan 2025,4,Tue
2025-01-22,2025,1,Jan,Q1,Jan 2025,4,Wed
2025-01-23,2025,1,Jan,Q1,Jan 2025,4,Thu
2025-01-24,2025,1,Jan,Q1,Jan 2025,4,Fri
2025-01-25,2025,1,Jan,Q1,Jan 2025,4,Sat
2025-01-26,2025,1,Jan,Q1,Jan 2025,4,Sun
2025-01-27,2025,1,Jan,Q1,Jan 2025,5,Mon
2025-01-28,2025,1,Jan,Q1,Jan 2025,5,Tue
2025-01-29,2025,1,Jan,Q1,Jan 2025,5,Wed
2025-01-30,2025,1,Jan,Q1,Jan 2025,5,Thu
2025-01-31,2025,1,Jan,Q1,Jan 2025,5,Fri
2025-02-01,2025,2,Feb,Q1,Feb 2025,5,Sat
2025-02-02,2025,2,Feb,Q1,Feb 2025,5,Sun
2025-02-03,2025,2,Feb,Q1,Feb 2025,6,Mon
2025-02-04,2025,2,Feb,Q1,Feb 2025,6,Tue
2025-02-05,2025,2,Feb,Q1,Feb 2025,6,Wed
2025-02-06,2025,2,Feb,Q1,Feb 2025,6,Thu
2025-02-07,2025,2,Feb,Q1,Feb 2025,6,Fri
2025-02-08,2025,2,Feb,Q1,Feb 2025,6,Sat
2025-02-09,2025,2,Feb,Q1,Feb 2025,6,Sun
2025-02-10,2025,2,Feb,Q1,Feb 2025,7,Mon
2025-02-11,2025,2,Feb,Q1,Feb 2025,7,Tue
2025-02-12,2025,2,Feb,Q1,Feb 2025,7,Wed
2025-02-13,2025,2,Feb,Q1,Feb 2025,7,Thu
2025-02-14,2025,2,Feb,Q1,Feb 2025,7,Fri
2025-02-15,2025,2,Feb,Q1,Feb 2025,7,Sat
2025-02-16,2025,2,Feb,Q1,Feb 2025,7,Sun
2025-02-17,2025,2,Feb,Q1,Feb 2025,8,Mon
2025-02-18,2025,2,Feb,Q1,Feb 2025,8,Tue
2025-02-19,2025,2,Feb,Q1,Feb 2025,8,Wed
2025-02-20,2025,2,Feb,Q1,Feb 2025,8,Thu
2025-02-21,2025,2,Feb,Q1,Feb 2025,8,Fri
2025-02-22,2025,2,Feb,Q1,Feb 2025,8,Sat
2025-02-23,2025,2,Feb,Q1,Feb 2025,8,Sun
2025-02-24,2025,2,Feb,Q1,Feb 2025,9,Mon
2025-02-25,2025,2,Feb,Q1,Feb 2025,9,Tue
2025-02-26,2025,2,Feb,Q1,Feb 2025,9,Wed
2025-02-27,2025,2,Feb,Q1,Feb 2025,9,Thu
2025-02-28,2025,2,Feb,Q1,Feb 2025,9,Fri
2025-03-01,2025,3,Mar,Q1,Mar 2025,9,Sat
2025-03-02,2025,3,Mar,Q1,Mar 2025,9,Sun
2025-03-03,2025,3,Mar,Q1,Mar 2025,10,Mon
2025-03-04,2025,3,Mar,Q1,Mar 2025,10,Tue
2025-03-05,2025,3,Mar,Q1,Mar 2025,10,Wed
2025-03-06,2025,3,Mar,Q1,Mar 2025,10,Thu
2025-03-07,2025,3,Mar,Q1,Mar 2025,10,Fri
2025-03-08,2025,3,Mar,Q1,Mar 2025,10,Sat
2025-03-09,2025,3,Mar,Q1,Mar 2025,10,Sun
2025-03-10,2025,3,Mar,Q1,Mar 2025,11,Mon
2025-03-11,2025,3,Mar,Q1,Mar 2025,11,Tue
2025-03-12,2025,3,Mar,Q1,Mar 2025,11,Wed
2025-03-13,2025,3,Mar,Q1,Mar 2025,11,Thu
2025-03-14,2025,3,Mar,Q1,Mar 2025,11,Fri
2025-03-15,2025,3,Mar,Q1,Mar 2025,11,Sat
2025-03-16,2025,3,Mar,Q1,Mar 2025,11,Sun
2025-03-17,2025,3,Mar,Q1,Mar 2025,12,Mon
2025-03-18,2025,3,Mar,Q1,Mar 2025,12,Tue
2025-03-19,2025,3,Mar,Q1,Mar 2025,12,Wed
2025-03-20,2025,3,Mar,Q1,Mar 2025,12,Thu
2025-03-21,2025,3,Mar,Q1,Mar 2025,12,Fri
2025-03-22,2025,3,Mar,Q1,Mar 2025,12,Sat
2025-03-23,2025,3,Mar,Q1,Mar 2025,12,Sun
2025-03-24,2025,3,Mar,Q1,Mar 2025,13,Mon
2025-03-25,2025,3,Mar,Q1,Mar 2025,13,Tue
2025-03-26,2025,3,Mar,Q1,Mar 2025,13,Wed
2025-03-27,2025,3,Mar,Q1,Mar 2025,13,Thu
2025-03-28,2025,3,Mar,Q1,Mar 2025,13,Fri
2025-03-29,2025,3,Mar,Q1,Mar 2025,13,Sat
2025-03-30,2025,3,Mar,Q1,Mar 2025,13,Sun
2025-03-31,2025,3,Mar,Q1,Mar 2025,14,Mon
2025-04-01,2025,4,Apr,Q2,Apr 2025,14,Tue
2025-04-02,2025,4,Apr,Q2,Apr 2025,14,Wed
2025-04-03,2025,4,Apr,Q2,Apr 2025,14,Thu
2025-04-04,2025,4,Apr,Q2,Apr 2025,14,Fri
2025-04-05,2025,4,Apr,Q2,Apr 2025,14,Sat
2025-04-06,2025,4,Apr,Q2,Apr 2025,14,Sun
2025-04-07,2025,4,Apr,Q2,Apr 2025,15,Mon
2025-04-08,2025,4,Apr,Q2,Apr 2025,15,Tue
2025-04-09,2025,4,Apr,Q2,Apr 2025,15,Wed
2025-04-10,2025,4,Apr,Q2,Apr 2025,15,Thu
2025-04-11,2025,4,Apr,Q2,Apr 2025,15,Fri
2025-04-12,2025,4,Apr,Q2,Apr 2025,15,Sat
2025-04-13,2025,4,Apr,Q2,Apr 2025,15,Sun
2025-04-14,2025,4,Apr,Q2,Apr 2025,16,Mon
2025-04-15,2025,4,Apr,Q2,Apr 2025,16,Tue
2025-04-16,2025,4,Apr,Q2,Apr 2025,16,Wed
2025-04-17,2025,4,Apr,Q2,Apr 2025,16,Thu
2025-04-18,2025,4,Apr,Q2,Apr 2025,16,Fri
2025-04-19,2025,4,Apr,Q2,Apr 2025,16,Sat
2025-04-20,2025,4,Apr,Q2,Apr 2025,16,Sun
2025-04-21,2025,4,Apr,Q2,Apr 2025,17,Mon
2025-04-22,2025,4,Apr,Q2,Apr 2025,17,Tue
2025-04-23,2025,4,Apr,Q2,Apr 2025,17,Wed
2025-04-24,2025,4,Apr,Q2,Apr 2025,17,Thu
2025-04-25,2025,4,Apr,Q2,Apr 2025,17,Fri
2025-04-26,2025,4,Apr,Q2,Apr 2025,17,Sat
2025-04-27,2025,4,Apr,Q2,Apr 2025,17,Sun
2025-04-28,2025,4,Apr,Q2,Apr 2025,18,Mon
2025-04-29,2025,4,Apr,Q2,Apr 2025,18,Tue
2025-04-30,2025,4,Apr,Q2,Apr 2025,18,Wed
2025-05-01,2025,5,May,Q2,May 2025,18,Thu
2025-05-02,2025,5,May,Q2,May 2025,18,Fri
2025-05-03,2025,5,May,Q2,May 2025,18,Sat
2025-05-04,2025,5,May,Q2,May 2025,18,Sun
2025-05-05,2025,5,May,Q2,May 2025,19,Mon
2025-05-06,2025,5,May,Q2,May 2025,19,Tue
2025-05-07,2025,5,May,Q2,May 2025,19,Wed
2025-05-08,2025,5,May,Q2,May 2025,19,Thu
2025-05-09,2025,5,May,Q2,May 2025,19,Fri
2025-05-10,2025,5,May,Q2,May 2025,19,Sat
2025-05-11,2025,5,May,Q2,May 2025,19,Sun
2025-05-12,2025,5,May,Q2,May 2025,20,Mon
2025-05-13,2025,5,May,Q2,May 2025,20,Tue
2025-05-14,2025,5,May,Q2,May 2025,20,Wed
2025-05-15,2025,5,May,Q2,May 2025,20,Thu
2025-05-16,2025,5,May,Q2,May 2025,20,Fri
2025-05-17,2025,5,May,Q2,May 2025,20,Sat
2025-05-18,2025,5,May,Q2,May 2025,20,Sun
2025-05-19,2025,5,May,Q2,May 2025,21,Mon
2025-05-20,2025,5,May,Q2,May 2025,21,Tue
2025-05-21,2025,5,May,Q2,May 2025,21,Wed
2025-05-22,2025,5,May,Q2,May 2025,21,Thu
2025-05-23,2025,5,May,Q2,May 2025,21,Fri
2025-05-24,2025,5,May,Q2,May 2025,21,Sat
2025-05-25,2025,5,May,Q2,May 2025,21,Sun
2025-05-26,2025,5,May,Q2,May 2025,22,Mon
2025-05-27,2025,5,May,Q2,May 2025,22,Tue
2025-05-28,2025,5,May,Q2,May 2025,22,Wed
2025-05-29,2025,5,May,Q2,May 2025,22,Thu
2025-05-30,2025,5,May,Q2,May 2025,22,Fri
2025-05-31,2025,5,May,Q2,May 2025,22,Sat
2025-06-01,2025,6,Jun,Q2,Jun 2025,22,Sun
2025-06-02,2025,6,Jun,Q2,Jun 2025,23,Mon
2025-06-03,2025,6,Jun,Q2,Jun 2025,23,Tue
2025-06-04,2025,6,Jun,Q2,Jun 2025,23,Wed
2025-06-05,2025,6,Jun,Q2,Jun 2025,23,Thu
2025-06-06,2025,6,Jun,Q2,Jun 2025,23,Fri
2025-06-07,2025,6,Jun,Q2,Jun 2025,23,Sat
2025-06-08,2025,6,Jun,Q2,Jun 2025,23,Sun
2025-06-09,2025,6,Jun,Q2,Jun 2025,24,Mon
2025-06-10,2025,6,Jun,Q2,Jun 2025,24,Tue
2025-06-11,2025,6,Jun,Q2,Jun 2025,24,Wed
2025-06-12,2025,6,Jun,Q2,Jun 2025,24,Thu
2025-06-13,2025,6,Jun,Q2,Jun 2025,24,Fri
2025-06-14,2025,6,Jun,Q2,Jun 2025,24,Sat
2025-06-15,2025,6,Jun,Q2,Jun 2025,24,Sun
2025-06-16,2025,6,Jun,Q2,Jun 2025,25,Mon
2025-06-17,2025,6,Jun,Q2,Jun 2025,25,Tue
2025-06-18,2025,6,Jun,Q2,Jun 2025,25,Wed
2025-06-19,2025,6,Jun,Q2,Jun 2025,25,Thu
2025-06-20,2025,6,Jun,Q2,Jun 2025,25,Fri
2025-06-21,2025,6,Jun,Q2,Jun 2025,25,Sat
2025-06-22,2025,6,Jun,Q2,Jun 2025,25,Sun
2025-06-23,2025,6,Jun,Q2,Jun 2025,26,Mon
2025-06-24,2025,6,Jun,Q2,Jun 2025,26,Tue
2025-06-25,2025,6,Jun,Q2,Jun 2025,26,Wed
2025-06-26,2025,6,Jun,Q2,Jun 2025,26,Thu
2025-06-27,2025,6,Jun,Q2,Jun 2025,26,Fri
2025-06-28,2025,6,Jun,Q2,Jun 2025,26,Sat
2025-06-29,2025,6,Jun,Q2,Jun 2025,26,Sun
2025-06-30,2025,6,Jun,Q2,Jun 2025,27,Mon
2025-07-01,2025,7,Jul,Q3,Jul 2025,27,Tue
2025-07-02,2025,7,Jul,Q3,Jul 2025,27,Wed
2025-07-03,2025,7,Jul,Q3,Jul 2025,27,Thu
2025-07-04,2025,7,Jul,Q3,Jul 2025,27,Fri
2025-07-05,2025,7,Jul,Q3,Jul 2025,27,Sat
2025-07-06,2025,7,Jul,Q3,Jul 2025,27,Sun
2025-07-07,2025,7,Jul,Q3,Jul 2025,28,Mon
2025-07-08,2025,7,Jul,Q3,Jul 2025,28,Tue
2025-07-09,2025,7,Jul,Q3,Jul 2025,28,Wed
2025-07-10,2025,7,Jul,Q3,Jul 2025,28,Thu
2025-07-11,2025,7,Jul,Q3,Jul 2025,28,Fri
2025-07-12,2025,7,Jul,Q3,Jul 2025,28,Sat
2025-07-13,2025,7,Jul,Q3,Jul 2025,28,Sun
2025-07-14,2025,7,Jul,Q3,Jul 2025,29,Mon
2025-07-15,2025,7,Jul,Q3,Jul 2025,29,Tue
2025-07-16,2025,7,Jul,Q3,Jul 2025,29,Wed
2025-07-17,2025,7,Jul,Q3,Jul 2025,29,Thu
2025-07-18,2025,7,Jul,Q3,Jul 2025,29,Fri
2025-07-19,2025,7,Jul,Q3,Jul 2025,29,Sat
2025-07-20,2025,7,Jul,Q3,Jul 2025,29,Sun
2025-07-21,2025,7,Jul,Q3,Jul 2025,30,Mon
2025-07-22,2025,7,Jul,Q3,Jul 2025,30,Tue
2025-07-23,2025,7,Jul,Q3,Jul 2025,30,Wed
2025-07-24,2025,7,Jul,Q3,Jul 2025,30,Thu
2025-07-25,2025,7,Jul,Q3,Jul 2025,30,Fri
2025-07-26,2025,7,Jul,Q3,Jul 2025,30,Sat
2025-07-27,2025,7,Jul,Q3,Jul 2025,30,Sun
2025-07-28,2025,7,Jul,Q3,Jul 2025,31,Mon
2025-07-29,2025,7,Jul,Q3,Jul 2025,31,Tue
2025-07-30,2025,7,Jul,Q3,Jul 2025,31,Wed
2025-07-31,2025,7,Jul,Q3,Jul 2025,31,Thu
2025-08-01,2025,8,Aug,Q3,Aug 2025,31,Fri
2025-08-02,2025,8,Aug,Q3,Aug 2025,31,Sat
2025-08-03,2025,8,Aug,Q3,Aug 2025,31,Sun
2025-08-04,2025,8,Aug,Q3,Aug 2025,32,Mon
2025-08-05,2025,8,Aug,Q3,Aug 2025,32,Tue
2025-08-06,2025,8,Aug,Q3,Aug 2025,32,Wed
2025-08-07,2025,8,Aug,Q3,Aug 2025,32,Thu
2025-08-08,2025,8,Aug,Q3,Aug 2025,32,Fri
2025-08-09,2025,8,Aug,Q3,Aug 2025,32,Sat
2025-08-10,2025,8,Aug,Q3,Aug 2025,32,Sun
2025-08-11,2025,8,Aug,Q3,Aug 2025,33,Mon
2025-08-12,2025,8,Aug,Q3,Aug 2025,33,Tue
2025-08-13,2025,8,Aug,Q3,Aug 2025,33,Wed
2025-08-14,2025,8,Aug,Q3,Aug 2025,33,Thu
2025-08-15,2025,8,Aug,Q3,Aug 2025,33,Fri
2025-08-16,2025,8,Aug,Q3,Aug 2025,33,Sat
2025-08-17,2025,8,Aug,Q3,Aug 2025,33,Sun
2025-08-18,2025,8,Aug,Q3,Aug 2025,34,Mon
2025-08-19,2025,8,Aug,Q3,Aug 2025,34,Tue
2025-08-20,2025,8,Aug,Q3,Aug 2025,34,Wed
2025-08-21,2025,8,Aug,Q3,Aug 2025,34,Thu
2025-08-22,2025,8,Aug,Q3,Aug 2025,34,Fri
2025-08-23,2025,8,Aug,Q3,Aug 2025,34,Sat
2025-08-24,2025,8,Aug,Q3,Aug 2025,34,Sun
2025-08-25,2025,8,Aug,Q3,Aug 2025,35,Mon
2025-08-26,2025,8,Aug,Q3,Aug 2025,35,Tue
2025-08-27,2025,8,Aug,Q3,Aug 2025,35,Wed
2025-08-28,2025,8,Aug,Q3,Aug 2025,35,Thu
2025-08-29,2025,8,Aug,Q3,Aug 2025,35,Fri
2025-08-30,2025,8,Aug,Q3,Aug 2025,35,Sat
2025-08-31,2025,8,Aug,Q3,Aug 2025,35,Sun
2025-09-01,2025,9,Sep,Q3,Sep 2025,36,Mon
2025-09-02,2025,9,Sep,Q3,Sep 2025,36,Tue
2025-09-03,2025,9,Sep,Q3,Sep 2025,36,Wed
2025-09-04,2025,9,Sep,Q3,Sep 2025,36,Thu
2025-09-05,2025,9,Sep,Q3,Sep 2025,36,Fri
2025-09-06,2025,9,Sep,Q3,Sep 2025,36,Sat
2025-09-07,2025,9,Sep,Q3,Sep 2025,36,Sun
2025-09-08,2025,9,Sep,Q3,Sep 2025,37,Mon
2025-09-09,2025,9,Sep,Q3,Sep 2025,37,Tue
2025-09-10,2025,9,Sep,Q3,Sep 2025,37,Wed
2025-09-11,2025,9,Sep,Q3,Sep 2025,37,Thu
2025-09-12,2025,9,Sep,Q3,Sep 2025,37,Fri
2025-09-13,2025,9,Sep,Q3,Sep 2025,37,Sat
2025-09-14,2025,9,Sep,Q3,Sep 2025,37,Sun
2025-09-15,2025,9,Sep,Q3,Sep 2025,38,Mon
2025-09-16,2025,9,Sep,Q3,Sep 2025,38,Tue
2025-09-17,2025,9,Sep,Q3,Sep 2025,38,Wed
2025-09-18,2025,9,Sep,Q3,Sep 2025,38,Thu
2025-09-19,2025,9,Sep,Q3,Sep 2025,38,Fri
2025-09-20,2025,9,Sep,Q3,Sep 2025,38,Sat
2025-09-21,2025,9,Sep,Q3,Sep 2025,38,Sun
2025-09-22,2025,9,Sep,Q3,Sep 2025,39,Mon
2025-09-23,2025,9,Sep,Q3,Sep 2025,39,Tue
2025-09-24,2025,9,Sep,Q3,Sep 2025,39,Wed
2025-09-25,2025,9,Sep,Q3,Sep 2025,39,Thu
2025-09-26,2025,9,Sep,Q3,Sep 2025,39,Fri
2025-09-27,2025,9,Sep,Q3,Sep 2025,39,Sat
2025-09-28,2025,9,Sep,Q3,Sep 2025,39,Sun
2025-09-29,2025,9,Sep,Q3,Sep 2025,40,Mon
2025-09-30,2025,9,Sep,Q3,Sep 2025,40,Tue
2025-10-01,2025,10,Oct,Q4,Oct 2025,40,Wed
2025-10-02,2025,10,Oct,Q4,Oct 2025,40,Thu
2025-10-03,2025,10,Oct,Q4,Oct 2025,40,Fri
2025-10-04,2025,10,Oct,Q4,Oct 2025,40,Sat
2025-10-05,2025,10,Oct,Q4,Oct 2025,40,Sun
2025-10-06,2025,10,Oct,Q4,Oct 2025,41,Mon
2025-10-07,2025,10,Oct,Q4,Oct 2025,41,Tue
2025-10-08,2025,10,Oct,Q4,Oct 2025,41,Wed
2025-10-09,2025,10,Oct,Q4,Oct 2025,41,Thu
2025-10-10,2025,10,Oct,Q4,Oct 2025,41,Fri
2025-10-11,2025,10,Oct,Q4,Oct 2025,41,Sat
2025-10-12,2025,10,Oct,Q4,Oct 2025,41,Sun
2025-10-13,2025,10,Oct,Q4,Oct 2025,42,Mon
2025-10-14,2025,10,Oct,Q4,Oct 2025,42,Tue
2025-10-15,2025,10,Oct,Q4,Oct 2025,42,Wed
2025-10-16,2025,10,Oct,Q4,Oct 2025,42,Thu
2025-10-17,2025,10,Oct,Q4,Oct 2025,42,Fri
2025-10-18,2025,10,Oct,Q4,Oct 2025,42,Sat
2025-10-19,2025,10,Oct,Q4,Oct 2025,42,Sun
2025-10-20,2025,10,Oct,Q4,Oct 2025,43,Mon
2025-10-21,2025,10,Oct,Q4,Oct 2025,43,Tue
2025-10-22,2025,10,Oct,Q4,Oct 2025,43,Wed
2025-10-23,2025,10,Oct,Q4,Oct 2025,43,Thu
2025-10-24,2025,10,Oct,Q4,Oct 2025,43,Fri
2025-10-25,2025,10,Oct,Q4,Oct 2025,43,Sat
2025-10-26,2025,10,Oct,Q4,Oct 2025,43,Sun
2025-10-27,2025,10,Oct,Q4,Oct 2025,44,Mon
2025-10-28,2025,10,Oct,Q4,Oct 2025,44,Tue
2025-10-29,2025,10,Oct,Q4,Oct 2025,44,Wed
2025-10-30,2025,10,Oct,Q4,Oct 2025,44,Thu
2025-10-31,2025,10,Oct,Q4,Oct 2025,44,Fri
2025-11-01,2025,11,Nov,Q4,Nov 2025,44,Sat
2025-11-02,2025,11,Nov,Q4,Nov 2025,44,Sun
2025-11-03,2025,11,Nov,Q4,Nov 2025,45,Mon
2025-11-04,2025,11,Nov,Q4,Nov 2025,45,Tue
2025-11-05,2025,11,Nov,Q4,Nov 2025,45,Wed
2025-11-06,2025,11,Nov,Q4,Nov 2025,45,Thu
2025-11-07,2025,11,Nov,Q4,Nov 2025,45,Fri
2025-11-08,2025,11,Nov,Q4,Nov 2025,45,Sat
2025-11-09,2025,11,Nov,Q4,Nov 2025,45,Sun
2025-11-10,2025,11,Nov,Q4,Nov 2025,46,Mon
2025-11-11,2025,11,Nov,Q4,Nov 2025,46,Tue
2025-11-12,2025,11,Nov,Q4,Nov 2025,46,Wed
2025-11-13,2025,11,Nov,Q4,Nov 2025,46,Thu
2025-11-14,2025,11,Nov,Q4,Nov 2025,46,Fri
2025-11-15,2025,11,Nov,Q4,Nov 2025,46,Sat
2025-11-16,2025,11,Nov,Q4,Nov 2025,46,Sun
2025-11-17,2025,11,Nov,Q4,Nov 2025,47,Mon
2025-11-18,2025,11,Nov,Q4,Nov 2025,47,Tue
2025-11-19,2025,11,Nov,Q4,Nov 2025,47,Wed
2025-11-20,2025,11,Nov,Q4,Nov 2025,47,Thu
2025-11-21,2025,11,Nov,Q4,Nov 2025,47,Fri
2025-11-22,2025,11,Nov,Q4,Nov 2025,47,Sat
2025-11-23,2025,11,Nov,Q4,Nov 2025,47,Sun
2025-11-24,2025,11,Nov,Q4,Nov 2025,48,Mon
2025-11-25,2025,11,Nov,Q4,Nov 2025,48,Tue
2025-11-26,2025,11,Nov,Q4,Nov 2025,48,Wed
2025-11-27,2025,11,Nov,Q4,Nov 2025,48,Thu
2025-11-28,2025,11,Nov,Q4,Nov 2025,48,Fri
2025-11-29,2025,11,Nov,Q4,Nov 2025,48,Sat
2025-11-30,2025,11,Nov,Q4,Nov 2025,48,Sun
2025-12-01,2025,12,Dec,Q4,Dec 2025,49,Mon
2025-12-02,2025,12,Dec,Q4,Dec 2025,49,Tue
2025-12-03,2025,12,Dec,Q4,Dec 2025,49,Wed
2025-12-04,2025,12,Dec,Q4,Dec 2025,49,Thu
2025-12-05,2025,12,Dec,Q4,Dec 2025,49,Fri
2025-12-06,2025,12,Dec,Q4,Dec 2025,49,Sat
2025-12-07,2025,12,Dec,Q4,Dec 2025,49,Sun
2025-12-08,2025,12,Dec,Q4,Dec 2025,50,Mon
2025-12-09,2025,12,Dec,Q4,Dec 2025,50,Tue
2025-12-10,2025,12,Dec,Q4,Dec 2025,50,Wed
2025-12-11,2025,12,Dec,Q4,Dec 2025,50,Thu
2025-12-12,2025,12,Dec,Q4,Dec 2025,50,Fri
2025-12-13,2025,12,Dec,Q4,Dec 2025,50,Sat
2025-12-14,2025,12,Dec,Q4,Dec 2025,50,Sun
2025-12-15,2025,12,Dec,Q4,Dec 2025,51,Mon
2025-12-16,2025,12,Dec,Q4,Dec 2025,51,Tue
2025-12-17,2025,12,Dec,Q4,Dec 2025,51,Wed
2025-12-18,2025,12,Dec,Q4,Dec 2025,51,Thu
2025-12-19,2025,12,Dec,Q4,Dec 2025,51,Fri
2025-12-20,2025,12,Dec,Q4,Dec 2025,51,Sat
2025-12-21,2025,12,Dec,Q4,Dec 2025,51,Sun
2025-12-22,2025,12,Dec,Q4,Dec 2025,52,Mon
2025-12-23,2025,12,Dec,Q4,Dec 2025,52,Tue
2025-12-24,2025,12,Dec,Q4,Dec 2025,52,Wed
2025-12-25,2025,12,Dec,Q4,Dec 2025,52,Thu
2025-12-26,2025,12,Dec,Q4,Dec 2025,52,Fri
2025-12-27,2025,12,Dec,Q4,Dec 2025,52,Sat
2025-12-28,2025,12,Dec,Q4,Dec 2025,52,Sun
2025-12-29,2025,12,Dec,Q4,Dec 2025,1,Mon
2025-12-30,2025,12,Dec,Q4,Dec 2025,1,Tue
2025-12-31,2025,12,Dec,Q4,Dec 2025,1,Wed
